capture_id,wf_peak_z,wf_centre_excess_z,wf_centre_active_frac,wf_any_active_frac,wf_centre_to_any_ratio,wf_profile_peak_z,wf_profile_peak_offset,wf_track_jitter,wf_active_span_frac,wf_row_burstiness,wf_vert_coherence,wf_horiz_coherence,label,is_synthetic,recording_id,source_file,pass,satellite,split
client_NORAD-16_marginal_w0000,5.8072144209596885,0.4129949480120153,0.359375,0.9609375,0.37398373983739835,5.394520377144083,0.17647058823529413,0.0,1.0,0.7258437082166892,0.9279817427384532,0.5055635288964546,0,0,client_NORAD-16_marginal,NORAD-16_marginal snapshots 0-63,NORAD-16_marginal,NORAD-16,external
client_NORAD-16_marginal_w0032,6.007256153655572,0.46231891154707583,0.6953125,0.953125,0.7295081967213115,6.681664664031136,0.1568627450980392,0.0,1.0,0.693101929501904,0.9387306993625479,0.5199817610115814,0,0,client_NORAD-16_marginal,NORAD-16_marginal snapshots 32-95,NORAD-16_marginal,NORAD-16,external
client_SARAL_pass2_detected_w0000,7.00186922972252,0.2794068104415149,0.0,0.8984375,0.0,7.5722864457906125,0.7254901960784313,0.0,0.96875,0.9257415600329325,0.8355370371439474,0.36324180640786785,0,0,client_SARAL_pass2_detected,SARAL_pass2_detected snapshots 0-63,SARAL_pass2_detected,SARAL,external
client_SARAL_pass2_detected_w0032,6.851991468837283,0.3615582006251167,0.0,0.65625,0.0,7.794197733279141,0.7254901960784313,0.0,1.0,0.33440474214617105,0.9332706989094449,0.33729369338574056,0,0,client_SARAL_pass2_detected,SARAL_pass2_detected snapshots 32-95,SARAL_pass2_detected,SARAL,external
client_SARAL_pass2_detected_w0096,22.884521722047705,3.3353749174665217,0.8828125,0.9921875,0.889763779527559,24.59458648378666,0.0,0.0,1.0,0.6831776120958518,0.9864990209226471,0.7456982400320644,1,0,client_SARAL_pass2_detected,SARAL_pass2_detected snapshots 96-159,SARAL_pass2_detected,SARAL,external
client_SARAL_pass2_detected_w0128,23.471824775056177,3.874577113145855,0.9921875,0.9921875,1.0,29.717739157135544,0.0,0.0,1.0,0.48613109223747875,0.9859234585549246,0.7562152258027619,1,0,client_SARAL_pass2_detected,SARAL_pass2_detected snapshots 128-191,SARAL_pass2_detected,SARAL,external
client_SARAL_pass2_detected_w0160,28.12272218390338,4.537934851781554,0.984375,0.984375,1.0,25.2774156851268,0.0,0.0,1.0,0.6182832817743559,0.9867016930233812,0.7822734013573324,1,0,client_SARAL_pass2_detected,SARAL_pass2_detected snapshots 160-223,SARAL_pass2_detected,SARAL,external
client_SARAL_pass2_detected_w0192,31.353477113557375,6.278858565945824,0.9765625,0.9765625,1.0,33.1641789968827,0.0,0.0,0.9765625,0.3955399840823134,0.9938003162866567,0.8126002613544094,1,0,client_SARAL_pass2_detected,SARAL_pass2_detected snapshots 192-255,SARAL_pass2_detected,SARAL,external
client_SARAL_pass2_detected_w0224,35.213099030404095,8.16942397964009,1.0,1.0,1.0,38.0414870877444,0.0,0.0,1.0,0.29516321963715253,0.996198245038324,0.8401595397561755,1,0,client_SARAL_pass2_detected,SARAL_pass2_detected snapshots 224-287,SARAL_pass2_detected,SARAL,external
client_SARAL_pass2_detected_w0256,36.86573506135949,6.596920640577527,1.0,1.0,1.0,37.54307886381933,0.0,0.0,1.0,0.6137504492424748,0.9905480722547456,0.8244208213389532,1,0,client_SARAL_pass2_detected,SARAL_pass2_detected snapshots 256-319,SARAL_pass2_detected,SARAL,external
client_SARAL_pass2_detected_w0288,26.24740285199042,4.465530209601771,0.984375,0.984375,1.0,21.502282154393313,0.0,0.0,1.0,0.6170032806454988,0.9695231927204933,0.7813544930948919,1,0,client_SARAL_pass2_detected,SARAL_pass2_detected snapshots 288-351,SARAL_pass2_detected,SARAL,external
client_SARAL_pass2_detected_w0320,27.411000520682165,6.440894189005703,0.953125,0.953125,1.0,24.627717226084084,0.0,0.0,1.0,0.4853570020591838,0.9914329581045364,0.8695101078715102,1,0,client_SARAL_pass2_detected,SARAL_pass2_detected snapshots 320-383,SARAL_pass2_detected,SARAL,external
client_SARAL_pass2_detected_w0352,22.960500758710563,6.5132955283520175,1.0,1.0,1.0,21.165738190280578,0.0,0.0,1.0,0.3259229309444255,0.9972085200147229,0.8844328595244233,1,0,client_SARAL_pass2_detected,SARAL_pass2_detected snapshots 352-415,SARAL_pass2_detected,SARAL,external
client_SARAL_pass2_detected_w0384,22.87627506924366,5.330468076248782,1.0,1.0,1.0,21.372798166948876,0.0,0.0,1.0,0.462357757567529,0.9773191456693382,0.8703158038799432,1,0,client_SARAL_pass2_detected,SARAL_pass2_detected snapshots 384-447,SARAL_pass2_detected,SARAL,external
client_SARAL_pass2_detected_w0416,19.247042884811837,2.5095627619199288,1.0,1.0,1.0,21.480711835299058,0.0,0.0,1.0,0.4958701290132651,0.8454386514512121,0.9011143551315235,1,0,client_SARAL_pass2_detected,SARAL_pass2_detected snapshots 416-479,SARAL_pass2_detected,SARAL,external
client_SARAL_pass2_detected_w0448,18.295056891719746,0.7786875968140365,0.859375,0.8671875,0.990990990990991,9.849243629311385,0.0,0.0,0.8984375,0.5778833875144386,0.8026793375864186,0.9259518065059186,1,0,client_SARAL_pass2_detected,SARAL_pass2_detected snapshots 448-511,SARAL_pass2_detected,SARAL,external
