capture_id,wf_peak_z,wf_centre_excess_z,wf_centre_active_frac,wf_any_active_frac,wf_centre_to_any_ratio,wf_profile_peak_z,wf_profile_peak_offset,wf_track_jitter,wf_active_span_frac,wf_row_burstiness,wf_vert_coherence,wf_horiz_coherence,label,recording_id,is_synthetic,source_file
rsp03_t1_RSP-03_01_w0000,5.141843288909643,0.7171954054671069,0.7109375,0.7109375,1.0,41.63770789184245,0.0196078431372549,0.0,1.0,0.7526091817959544,0.25184822186579103,0.34705769466604797,1,rsp03_t1,0,Data/Satellite_Data_snapshots/RSP-03_01.raw#samples=0-1000000
rsp03_t1_RSP-03_01_w0001,5.023791503785998,0.5414874757601991,0.4140625,0.4140625,1.0,28.501317168556515,0.0196078431372549,0.0,0.671875,1.2289558427809946,0.19730674464291828,0.36978766947587893,1,rsp03_t1,0,Data/Satellite_Data_snapshots/RSP-03_01.raw#samples=1000000-2000000
rsp03_t1_RSP-03_01_w0002,2.162137682007158,0.002427924952670066,0.0,0.0,0.0,2.656243083288786,0.29411764705882354,0.5,0.0,1.2496944850845964,0.020183662896291407,0.21877721425255559,0,rsp03_t1,0,Data/Satellite_Data_snapshots/RSP-03_01.raw#samples=2000000-3000000
rsp03_t1_RSP-03_01_w0003,2.2361012015462536,0.010385681602532823,0.0,0.0,0.0,2.1815759815516427,0.45098039215686275,0.5,0.0,1.2051474557116817,0.025743231458177605,0.22495079824691072,0,rsp03_t1,0,Data/Satellite_Data_snapshots/RSP-03_01.raw#samples=3000000-4000000
rsp03_t1_RSP-03_01_w0004,2.298616047918021,-0.0112282472407855,0.0,0.0,0.0,3.5146049458327107,0.21568627450980393,0.5,0.0,1.2085232812126068,0.0076536968849838455,0.24032010703377035,0,rsp03_t1,0,Data/Satellite_Data_snapshots/RSP-03_01.raw#samples=4000000-5000000
rsp03_t1_RSP-03_01_w0005,2.1835784761407817,-0.016320639413575935,0.0,0.0,0.0,2.4202385423451793,0.23529411764705882,0.5,0.0,1.2041202634918737,0.008449979443061929,0.23218187458048392,0,rsp03_t1,0,Data/Satellite_Data_snapshots/RSP-03_01.raw#samples=5000000-6000000
rsp03_t1_RSP-03_01_w0006,8.21362233320822,1.504119623647041,0.4765625,0.4765625,1.0,27.739588468833308,0.0392156862745098,0.0,0.5703125,1.0205850366230382,0.47186481433390565,0.6003524955346703,1,rsp03_t1,0,Data/Satellite_Data_snapshots/RSP-03_01.raw#samples=6000000-7000000
rsp03_t1_RSP-03_01_w0007,7.6592721527361665,2.1279299639988434,0.90625,0.90625,1.0,19.7135566559984,0.0392156862745098,0.0,1.0,0.41473524740800877,0.6155556452010381,0.6957204120561402,1,rsp03_t1,0,Data/Satellite_Data_snapshots/RSP-03_01.raw#samples=7000000-8000000
rsp03_t1_RSP-03_01_w0008,7.846943651205354,1.0391381187864994,0.515625,0.515625,1.0,18.486910029607913,0.058823529411764705,0.0,0.6015625,1.0154209999932562,0.4590066374766629,0.6039459425258504,1,rsp03_t1,0,Data/Satellite_Data_snapshots/RSP-03_01.raw#samples=8000000-9000000
rsp03_t1_RSP-03_01_w0009,2.2315769497841114,0.04938068308654553,0.0,0.0,0.0,2.4352952188219605,0.0784313725490196,0.5,0.0,1.2308561450214326,0.013112951137324845,0.2189619822431393,0,rsp03_t1,0,Data/Satellite_Data_snapshots/RSP-03_01.raw#samples=9000000-10000000
rsp03_t1_RSP-03_01_w0010,2.2545182370325243,0.036532387776835026,0.0,0.0,0.0,2.3685586891333745,0.9019607843137255,0.5,0.0,1.2229238217816645,0.012831565928836082,0.23843315043352192,0,rsp03_t1,0,Data/Satellite_Data_snapshots/RSP-03_01.raw#samples=10000000-11000000
rsp03_t1_RSP-03_01_w0011,2.1644679069199295,-0.03792893526502422,0.0,0.0,0.0,2.214194513855334,0.11764705882352941,0.5,0.0,1.199386238485113,0.006319391415680367,0.21392669678658605,0,rsp03_t1,0,Data/Satellite_Data_snapshots/RSP-03_01.raw#samples=11000000-12000000
rsp03_t1_RSP-03_01_w0012,2.2402014664263703,0.008610109031892632,0.0,0.0,0.0,2.6698736750909475,0.11764705882352941,0.5,0.0,1.2977558781826797,0.012946913486241567,0.22804159756591255,0,rsp03_t1,0,Data/Satellite_Data_snapshots/RSP-03_01.raw#samples=12000000-13000000
rsp03_t1_RSP-03_01_w0013,2.163832858093309,-0.015245689939014304,0.0,0.0,0.0,2.678650070465114,0.35294117647058826,0.5,0.0,1.2241701853978775,0.013263829274978645,0.2167083784059868,0,rsp03_t1,0,Data/Satellite_Data_snapshots/RSP-03_01.raw#samples=13000000-14000000
rsp03_t1_RSP-03_01_w0014,2.2298225096572226,-0.015539971391454285,0.0,0.0,0.0,2.873694082402924,0.0784313725490196,0.5,0.0,1.206401001151963,0.005775982933026573,0.20508288610950454,0,rsp03_t1,0,Data/Satellite_Data_snapshots/RSP-03_01.raw#samples=14000000-15000000
rsp03_t1_RSP-03_01_w0015,2.1858412852705724,0.08150627697133767,0.0,0.0,0.0,2.9848155983505023,0.058823529411764705,0.5,0.0,1.2613489378804887,0.006477829246999068,0.2299009479770523,0,rsp03_t1,0,Data/Satellite_Data_snapshots/RSP-03_01.raw#samples=15000000-16000000
rsp03_t1_RSP-03_01_w0016,2.121837364113413,-0.027797697376284958,0.0,0.0,0.0,2.8750837405229577,0.7058823529411765,0.5,0.0,1.1765065779610062,0.011663913791471966,0.22320649606416476,0,rsp03_t1,0,Data/Satellite_Data_snapshots/RSP-03_01.raw#samples=16000000-17000000
rsp03_t1_RSP-03_01_w0017,2.197792867888035,-0.022464508806461253,0.0,0.0,0.0,2.1584046026163244,0.29411764705882354,0.5,0.0,1.1434289689537378,0.015294785190928202,0.21513762004945963,0,rsp03_t1,0,Data/Satellite_Data_snapshots/RSP-03_01.raw#samples=17000000-18000000
rsp03_t1_RSP-03_01_w0018,2.179126373505288,-0.02796810358361007,0.0,0.0,0.0,2.485529969348101,0.39215686274509803,0.5,0.0,1.1426938242384854,0.012023437122037576,0.2197447883541419,0,rsp03_t1,0,Data/Satellite_Data_snapshots/RSP-03_01.raw#samples=18000000-19000000
rsp03_t1_RSP-03_01_w0019,2.186002317708846,-0.019066410975993153,0.0,0.0,0.0,2.013735760019578,0.3333333333333333,0.5,0.0,1.2127192255879382,0.013288958060101995,0.21939138927025242,0,rsp03_t1,0,Data/Satellite_Data_snapshots/RSP-03_01.raw#samples=19000000-20000000
rsp03_t1_RSP-03_01_w0021,6.868684090484446,0.9456535029161655,0.7421875,0.7421875,1.0,43.780415990127516,0.0196078431372549,0.0,0.9453125,0.7960118397256285,0.3282603580371994,0.4305979103776145,1,rsp03_t1,0,Data/Satellite_Data_snapshots/RSP-03_01.raw#samples=21000000-22000000
rsp03_t1_RSP-03_2_w0000,4.422837630553681,0.43860110794855356,0.5859375,0.5859375,1.0,50.97735537074314,0.0196078431372549,0.0,0.96875,0.914942250064593,0.19906368232221172,0.29304942398727385,1,rsp03_t1,0,Data/Satellite_Data_snapshots/RSP-03_2.raw#samples=0-1000000
rsp03_t1_RSP-03_2_w0001,4.501949638023511,0.3133968270681078,0.4375,0.4375,1.0,17.629032359488686,0.0196078431372549,0.0,0.671875,1.191132733282631,0.17745740436216872,0.318440900294646,1,rsp03_t1,0,Data/Satellite_Data_snapshots/RSP-03_2.raw#samples=1000000-2000000
rsp03_t1_RSP-03_2_w0002,2.1899683196984863,-0.02685556660162805,0.0,0.0,0.0,3.8418395231342144,0.1568627450980392,0.5,0.0,1.0867555800602042,0.0098090919300869,0.21447006733708301,0,rsp03_t1,0,Data/Satellite_Data_snapshots/RSP-03_2.raw#samples=2000000-3000000
rsp03_t1_RSP-03_2_w0003,2.187094710443995,-0.05896153465865667,0.0,0.0,0.0,1.6603461141997895,0.8627450980392157,0.5,0.0,1.1255735420137376,0.001728206430919063,0.2320901992018679,0,rsp03_t1,0,Data/Satellite_Data_snapshots/RSP-03_2.raw#samples=3000000-4000000
rsp03_t1_RSP-03_2_w0004,2.269749426408303,0.008311536954669477,0.0,0.0,0.0,2.5773432961783445,0.9019607843137255,0.5,0.0,1.241534003701269,0.007016149187821557,0.2189978439539734,0,rsp03_t1,0,Data/Satellite_Data_snapshots/RSP-03_2.raw#samples=4000000-5000000
rsp03_t1_RSP-03_2_w0005,2.2519712608649662,-0.016726783055469777,0.0,0.0,0.0,3.2230586162179202,0.45098039215686275,0.5,0.0,1.1534325184158294,-0.004912863302751281,0.21156225364710396,0,rsp03_t1,0,Data/Satellite_Data_snapshots/RSP-03_2.raw#samples=5000000-6000000
rsp03_t1_RSP-03_2_w0006,8.447601363540532,1.5410166768156706,0.484375,0.484375,1.0,24.741351933935654,0.0392156862745098,0.0,0.5703125,1.0439286928108018,0.4741627862448825,0.6052799855070119,1,rsp03_t1,0,Data/Satellite_Data_snapshots/RSP-03_2.raw#samples=6000000-7000000
rsp03_t1_RSP-03_2_w0007,7.724307386232979,2.1175352903501206,0.90625,0.90625,1.0,19.54879376441696,0.0392156862745098,0.0,1.0,0.41532628193519183,0.602698034308303,0.6914921866752728,1,rsp03_t1,0,Data/Satellite_Data_snapshots/RSP-03_2.raw#samples=7000000-8000000
rsp03_t1_RSP-03_2_w0008,7.750014605163097,1.0243815475057756,0.5078125,0.5078125,1.0,19.86970932999642,0.058823529411764705,0.0,0.6015625,1.0274712196847389,0.4629583678838307,0.6152084782508549,1,rsp03_t1,0,Data/Satellite_Data_snapshots/RSP-03_2.raw#samples=8000000-9000000
rsp03_t1_RSP-03_2_w0009,2.258674151806256,-0.03969149828104984,0.0,0.0,0.0,2.427014068342239,0.5882352941176471,0.5,0.0,1.0787915478722947,0.010398740178887953,0.22092334042280629,0,rsp03_t1,0,Data/Satellite_Data_snapshots/RSP-03_2.raw#samples=9000000-10000000
rsp03_t1_RSP-03_2_w0010,2.194727562618441,0.009432573527600574,0.0,0.0,0.0,2.656141002900507,0.803921568627451,0.5,0.0,1.0971754302503922,0.022124649168205644,0.23079643035878658,0,rsp03_t1,0,Data/Satellite_Data_snapshots/RSP-03_2.raw#samples=10000000-11000000
rsp03_t1_RSP-03_2_w0011,2.172400238214474,-0.03625131995804559,0.0,0.0,0.0,2.9060913461820497,0.5294117647058824,0.5,0.0,1.137951101875098,0.028546764933645937,0.22116397412909716,0,rsp03_t1,0,Data/Satellite_Data_snapshots/RSP-03_2.raw#samples=11000000-12000000
rsp03_t1_RSP-03_2_w0012,2.2279843156105454,0.0041170319133996824,0.0,0.0,0.0,2.0393950866061146,0.803921568627451,0.5,0.0,1.2491083677643815,0.016836183047853337,0.2230551945706384,0,rsp03_t1,0,Data/Satellite_Data_snapshots/RSP-03_2.raw#samples=12000000-13000000
rsp03_t1_RSP-03_2_w0013,2.1228975302028297,0.04470880515285337,0.0,0.0,0.0,2.9847787264886607,0.5882352941176471,0.5,0.0,1.2375140982065556,-0.007461173110942392,0.22594679842210563,0,rsp03_t1,0,Data/Satellite_Data_snapshots/RSP-03_2.raw#samples=13000000-14000000
rsp03_t1_RSP-03_2_w0014,2.2701090380885662,0.020506242942058342,0.0,0.0,0.0,2.565900758528526,0.5490196078431373,0.5,0.0,1.3040096903320322,-0.01006867625765722,0.22599780624153082,0,rsp03_t1,0,Data/Satellite_Data_snapshots/RSP-03_2.raw#samples=14000000-15000000
rsp03_t1_RSP-03_2_w0015,2.2451302939158864,-0.017110480859203636,0.0,0.0,0.0,2.8187323207722197,0.6470588235294118,0.5,0.0,1.1675165805250398,-0.009055532146778966,0.2320397237965893,0,rsp03_t1,0,Data/Satellite_Data_snapshots/RSP-03_2.raw#samples=15000000-16000000
rsp03_t1_RSP-03_2_w0016,2.1775837898523807,0.0975291179423792,0.0,0.0,0.0,2.688341430554137,0.8431372549019608,0.5,0.0,1.2431653635671014,0.010142114168751519,0.22691106289151647,0,rsp03_t1,0,Data/Satellite_Data_snapshots/RSP-03_2.raw#samples=16000000-17000000
rsp03_t1_RSP-03_2_w0017,2.208017584116828,-0.03232966010956699,0.0,0.0,0.0,2.4291664681729874,0.3333333333333333,0.5,0.0,1.260352311202957,0.011503619549177217,0.21216282803974637,0,rsp03_t1,0,Data/Satellite_Data_snapshots/RSP-03_2.raw#samples=17000000-18000000
rsp03_t1_RSP-03_2_w0018,2.2367637699216343,-0.06891232052224096,0.0,0.0,0.0,1.7444419882356663,0.6666666666666666,0.5,0.0,1.0712032323687557,0.013321143215410723,0.22405260006577643,0,rsp03_t1,0,Data/Satellite_Data_snapshots/RSP-03_2.raw#samples=18000000-19000000
rsp03_t1_RSP-03_2_w0019,2.263107566953812,-0.030385576180636614,0.0,0.0,0.0,3.7092019435463173,0.5294117647058824,0.5,0.0,1.2555000719744087,0.019319716550692027,0.23277511241314044,0,rsp03_t1,0,Data/Satellite_Data_snapshots/RSP-03_2.raw#samples=19000000-20000000
rsp03_t1_RSP-03_2_w0021,4.111146967036711,0.3953978333585048,0.3984375,0.3984375,1.0,34.29777615090863,0.0196078431372549,0.0,0.859375,1.0136090682855436,0.15924553710752068,0.28022865950673814,1,rsp03_t1,0,Data/Satellite_Data_snapshots/RSP-03_2.raw#samples=21000000-22000000
rsp03_t3_RSP-03_3_w0000,2.2541007099388093,0.13207791742318573,0.0,0.0,0.0,2.56915963483171,0.0392156862745098,0.5,0.0,1.2712894148522074,0.024777330467396715,0.22654175002642454,0,rsp03_t3,0,Data/Satellite_Data_snapshots/RSP-03_3.raw#samples=0-1000000
rsp03_t3_RSP-03_3_w0001,2.19215566590555,-0.0944343205157785,0.0,0.0,0.0,1.968903465093916,0.5098039215686274,0.5,0.0,1.108559675752272,0.02088607501619014,0.23374696990369348,0,rsp03_t3,0,Data/Satellite_Data_snapshots/RSP-03_3.raw#samples=1000000-2000000
rsp03_t3_RSP-03_3_w0002,2.232178500105751,0.012724458377436396,0.0,0.0,0.0,2.36733900150997,0.23529411764705882,0.5,0.0,1.2691345428674476,0.027824516300208175,0.22455515298346712,0,rsp03_t3,0,Data/Satellite_Data_snapshots/RSP-03_3.raw#samples=2000000-3000000
rsp03_t3_RSP-03_3_w0003,2.1990145664849607,0.01302069712292854,0.0,0.0,0.0,2.988863201021241,0.27450980392156865,0.5,0.0,1.2327324706146512,0.012141237448979056,0.23436575925357023,0,rsp03_t3,0,Data/Satellite_Data_snapshots/RSP-03_3.raw#samples=3000000-4000000
rsp03_t3_RSP-03_3_w0005,8.443765837222298,1.5977879875639422,0.8828125,0.8828125,1.0,47.990799583716615,0.058823529411764705,0.0,1.0,0.531800695350629,0.537331637544472,0.6195017909622139,1,rsp03_t3,0,Data/Satellite_Data_snapshots/RSP-03_3.raw#samples=5000000-6000000
rsp03_t3_RSP-03_3_w0006,8.143837329282757,1.4666799456482558,0.8671875,0.8671875,1.0,39.117465145866625,0.0784313725490196,0.0,1.0,0.6006564411297679,0.5157138791783947,0.6156042991815968,1,rsp03_t3,0,Data/Satellite_Data_snapshots/RSP-03_3.raw#samples=6000000-7000000
rsp03_t3_RSP-03_3_w0008,2.162916861490234,0.015823981357883654,0.0,0.0,0.0,2.4634185712134244,0.45098039215686275,0.5,0.0,1.221384148292128,0.04639193180759166,0.26101933682182177,0,rsp03_t3,0,Data/Satellite_Data_snapshots/RSP-03_3.raw#samples=8000000-9000000
rsp03_t3_RSP-03_3_w0009,2.2145163299157433,0.02067404061229161,0.0,0.0,0.0,2.064212891378596,0.1568627450980392,0.5,0.0,1.170129830806739,0.04282833227440436,0.2565818105986265,0,rsp03_t3,0,Data/Satellite_Data_snapshots/RSP-03_3.raw#samples=9000000-10000000
rsp03_t3_RSP-03_3_w0010,2.2689977411408133,0.01455180575000975,0.0,0.0,0.0,2.7452975290965442,0.8235294117647058,0.5,0.0,1.2301855832939672,0.01525772979028874,0.24787579922629424,0,rsp03_t3,0,Data/Satellite_Data_snapshots/RSP-03_3.raw#samples=10000000-11000000
rsp03_t3_RSP-03_3_w0012,8.295621344297638,1.6568254532037328,0.8984375,0.8984375,1.0,40.168284250635864,0.0784313725490196,0.0,1.0,0.4876158707667523,0.557482690075385,0.6425762247824179,1,rsp03_t3,0,Data/Satellite_Data_snapshots/RSP-03_3.raw#samples=12000000-13000000
rsp03_t3_RSP-03_3_w0013,8.153365174781694,1.3981139661453443,0.75,0.75,1.0,40.23184721423846,0.0784313725490196,0.0,0.8984375,0.7011274202748682,0.47468754761346504,0.6012237410642328,1,rsp03_t3,0,Data/Satellite_Data_snapshots/RSP-03_3.raw#samples=13000000-14000000
rsp03_t3_RSP-03_3_w0014,2.2266735377030424,0.005236799779223034,0.0,0.0,0.0,2.0530273097276046,0.6078431372549019,0.5,0.0,1.1954667472562417,0.019167193866511854,0.24522398658625533,0,rsp03_t3,0,Data/Satellite_Data_snapshots/RSP-03_3.raw#samples=14000000-15000000
rsp03_t3_RSP-03_3_w0015,2.232007231583307,-0.03699578653883916,0.0,0.0,0.0,2.4448858249748637,0.6078431372549019,0.5,0.0,1.1480257387468702,0.011848952974096421,0.23460106654890578,0,rsp03_t3,0,Data/Satellite_Data_snapshots/RSP-03_3.raw#samples=15000000-16000000
rsp03_t3_RSP-03_3_w0016,2.2522365807814206,-0.0895356553977157,0.0,0.0,0.0,2.208621141491865,0.49019607843137253,0.5,0.0,1.0839673537584098,0.031889924049626414,0.24246462119295095,0,rsp03_t3,0,Data/Satellite_Data_snapshots/RSP-03_3.raw#samples=16000000-17000000
rsp03_t3_RSP-03_3_w0017,2.2330719304389723,0.011613011064140685,0.0,0.0,0.0,1.7393412582147363,0.7843137254901961,0.5,0.0,1.1825414886704941,0.009308984765006575,0.21892091776511163,0,rsp03_t3,0,Data/Satellite_Data_snapshots/RSP-03_3.raw#samples=17000000-18000000
rsp03_t3_RSP-03_3_w0019,7.637968217129832,1.5113655211771546,0.828125,0.828125,1.0,44.45620902426832,0.0392156862745098,0.0,1.0,0.6464467254995028,0.4363770150208236,0.5296836002489578,1,rsp03_t3,0,Data/Satellite_Data_snapshots/RSP-03_3.raw#samples=19000000-20000000
rsp03_t3_RSP-03_3_w0020,7.7546741302604705,1.3305940605835027,0.7421875,0.7421875,1.0,35.23804637163565,0.0392156862745098,0.0,0.9453125,0.7429781131329517,0.39332511952266874,0.4869617274246109,1,rsp03_t3,0,Data/Satellite_Data_snapshots/RSP-03_3.raw#samples=20000000-21000000
rsp03_t4_RSP-03_4_w0000,2.2465031883838646,-0.010701842353394594,0.0,0.0,0.0,3.1532574029613563,0.3333333333333333,0.5,0.0,1.1433022217264266,0.018490716844384827,0.21506670514311796,0,rsp03_t4,0,Data/Satellite_Data_snapshots/RSP-03_4.raw#samples=0-1000000
rsp03_t4_RSP-03_4_w0001,6.96091119581387,0.695866271817299,0.46875,0.46875,1.0,45.08690442099041,0.0,0.0,0.46875,1.0404852903731239,0.39707271636546093,0.44501361418879504,1,rsp03_t4,0,Data/Satellite_Data_snapshots/RSP-03_4.raw#samples=1000000-2000000
rsp03_t4_RSP-03_4_w0002,7.099338717112894,1.5207715034772151,1.0,1.0,1.0,32.548540818934576,0.0,0.0,1.0,0.2900209624246474,0.4994342729879188,0.602564446678351,1,rsp03_t4,0,Data/Satellite_Data_snapshots/RSP-03_4.raw#samples=2000000-3000000
rsp03_t4_RSP-03_4_w0003,6.52294614230995,1.357546521805653,1.0,1.0,1.0,36.67525257342937,0.0196078431372549,0.0,1.0,0.2678225465812928,0.46401585651972976,0.5460361124379416,1,rsp03_t4,0,Data/Satellite_Data_snapshots/RSP-03_4.raw#samples=3000000-4000000
rsp03_t4_RSP-03_4_w0004,8.781963098591369,2.2203985201596086,0.8671875,0.8671875,1.0,38.92819874068813,0.0196078431372549,0.0,0.8671875,0.5577107967554897,0.6640438650284001,0.6222004312883449,1,rsp03_t4,0,Data/Satellite_Data_snapshots/RSP-03_4.raw#samples=4000000-5000000
rsp03_t4_RSP-03_4_w0005,2.200058463770628,0.0015440371255266289,0.0,0.0,0.0,1.4929920017451321,0.47058823529411764,0.5,0.0,1.2533995826613298,0.01082048086227298,0.22058215722680596,0,rsp03_t4,0,Data/Satellite_Data_snapshots/RSP-03_4.raw#samples=5000000-6000000
rsp03_t4_RSP-03_4_w0006,2.2464429208256615,-0.002568384777764429,0.0,0.0,0.0,4.223440587164145,0.21568627450980393,0.5,0.0,1.220264725479008,-0.0013794091160151702,0.21702401224243664,0,rsp03_t4,0,Data/Satellite_Data_snapshots/RSP-03_4.raw#samples=6000000-7000000
rsp03_t4_RSP-03_4_w0007,9.252639569659785,1.1708890494787023,0.4765625,0.4765625,1.0,28.049778214700535,0.0392156862745098,0.0,0.4765625,1.008995137918263,0.6865042726176207,0.5750098174483682,1,rsp03_t4,0,Data/Satellite_Data_snapshots/RSP-03_4.raw#samples=7000000-8000000
rsp03_t4_RSP-03_4_w0008,6.898643639503172,0.7568101300363465,1.0,1.0,1.0,18.229578540484265,0.058823529411764705,0.0,1.0,0.42401699666720755,0.5289048437794192,0.5420324923709641,1,rsp03_t4,0,Data/Satellite_Data_snapshots/RSP-03_4.raw#samples=8000000-9000000
rsp03_t4_RSP-03_4_w0009,6.652088121678815,0.4977983043089038,1.0,1.0,1.0,24.642408516448704,0.0784313725490196,0.0,1.0,0.45256461877128057,0.5721542281221812,0.5286515153739612,1,rsp03_t4,0,Data/Satellite_Data_snapshots/RSP-03_4.raw#samples=9000000-10000000
rsp03_t4_RSP-03_4_w0010,7.491780627641583,0.8599842606027113,1.0,1.0,1.0,25.65713476092104,0.0784313725490196,0.0,1.0,0.35846017655536067,0.5343672109234826,0.5633920811593889,1,rsp03_t4,0,Data/Satellite_Data_snapshots/RSP-03_4.raw#samples=10000000-11000000
rsp03_t4_RSP-03_4_w0011,7.581352435531244,0.4992877321623086,0.59375,0.59375,1.0,18.87977024923964,0.09803921568627451,0.0,0.59375,0.8790053401994586,0.46658338015089096,0.5168881687072757,1,rsp03_t4,0,Data/Satellite_Data_snapshots/RSP-03_4.raw#samples=11000000-12000000
rsp03_t4_RSP-03_4_w0012,2.234988826431091,0.018535195861463724,0.0,0.0,0.0,3.857601496832462,0.7254901960784313,0.5,0.0,1.1756582613818567,0.027240705204832717,0.2330770689373068,0,rsp03_t4,0,Data/Satellite_Data_snapshots/RSP-03_4.raw#samples=12000000-13000000
rsp03_t4_RSP-03_4_w0013,9.64205932638317,0.6208728673256133,0.4765625,0.4765625,1.0,39.999185381585875,0.11764705882352941,0.0,0.4765625,1.0261070889610462,0.542465973599865,0.526166576201464,1,rsp03_t4,0,Data/Satellite_Data_snapshots/RSP-03_4.raw#samples=13000000-14000000
rsp03_t4_RSP-03_4_w0014,7.309189469624646,0.6180374024672712,1.0,1.0,1.0,17.56257382296417,0.11764705882352941,0.0,1.0,0.39696874589005343,0.5063751456196767,0.5793317038798314,1,rsp03_t4,0,Data/Satellite_Data_snapshots/RSP-03_4.raw#samples=14000000-15000000
rsp03_t4_RSP-03_4_w0015,6.781974077473975,0.5214366784504603,0.9921875,0.9921875,1.0,16.57974271474521,0.11764705882352941,0.0,1.0,0.4252328550853741,0.5272858151014649,0.5950008574043599,1,rsp03_t4,0,Data/Satellite_Data_snapshots/RSP-03_4.raw#samples=15000000-16000000
rsp03_t4_RSP-03_4_w0016,7.168887588788008,0.6717538786369933,1.0,1.0,1.0,23.616548957495336,0.11764705882352941,0.0,1.0,0.3856898692486805,0.5086560705196199,0.6012324976530175,1,rsp03_t4,0,Data/Satellite_Data_snapshots/RSP-03_4.raw#samples=16000000-17000000
rsp03_t4_RSP-03_4_w0017,6.93758730580862,0.2790150749864718,0.5859375,0.5859375,1.0,13.597269657583903,0.09803921568627451,0.0,0.5859375,0.9746717192588953,0.45743194590285746,0.5556173733434994,1,rsp03_t4,0,Data/Satellite_Data_snapshots/RSP-03_4.raw#samples=17000000-18000000
rsp03_t4_RSP-03_4_w0018,2.1976675222512383,-0.022022881676362585,0.0,0.0,0.0,2.3388855610442016,0.803921568627451,0.5,0.0,1.1745636196929317,0.014904977588991656,0.24070786323287194,0,rsp03_t4,0,Data/Satellite_Data_snapshots/RSP-03_4.raw#samples=18000000-19000000
rsp03_t4_RSP-03_4_w0019,9.99441861792381,1.0513990434270495,0.4921875,0.4921875,1.0,50.573212150604846,0.058823529411764705,0.0,0.4921875,0.9975461878635625,0.5575452418517552,0.5209552050926729,1,rsp03_t4,0,Data/Satellite_Data_snapshots/RSP-03_4.raw#samples=19000000-20000000
rsp03_t4_RSP-03_4_w0020,6.56995526320454,2.045959432868198,1.0,1.0,1.0,10.698159073094915,0.058823529411764705,0.0,1.0,0.1591689077969405,0.6406037773956105,0.708804803208799,1,rsp03_t4,0,Data/Satellite_Data_snapshots/RSP-03_4.raw#samples=20000000-21000000
rsp03_t4_RSP-03_4_w0021,7.609013832493096,2.008076970965423,1.0,1.0,1.0,19.571798740048973,0.0392156862745098,0.0,1.0,0.18348083251008107,0.6033880652701162,0.661854886725965,1,rsp03_t4,0,Data/Satellite_Data_snapshots/RSP-03_4.raw#samples=21000000-22000000
rsp03_t4_RSP-03_4_w0022,10.0277116042259,2.3262591789784244,0.84375,0.84375,1.0,26.480830712161353,0.0392156862745098,0.0,0.84375,0.5250418601513342,0.7125254019658707,0.5872329178370599,1,rsp03_t4,0,Data/Satellite_Data_snapshots/RSP-03_4.raw#samples=22000000-23000000
rsp03_t4_RSP-03_4_w0023,2.156957269230146,-0.07412733252188446,0.0,0.0,0.0,1.6937483546195329,0.39215686274509803,0.5,0.0,1.196180368809877,0.00023586742078752598,0.22150010168883338,0,rsp03_t4,0,Data/Satellite_Data_snapshots/RSP-03_4.raw#samples=23000000-24000000
rsp03_t4_RSP-03_4_w0025,5.207103342260179,0.39636622034424585,0.5,0.5,1.0,28.920683054995347,0.0,0.0,0.5,1.09841318088942,0.2804264721931203,0.31056945240727357,1,rsp03_t4,0,Data/Satellite_Data_snapshots/RSP-03_4.raw#samples=25000000-26000000
rsp03_t4_RSP-03_4_w0026,5.366219830719489,0.3254904475075825,0.953125,0.9609375,0.991869918699187,35.19730596573864,0.0,0.0,0.984375,0.9267680866645772,0.2562280736258469,0.29061329771904904,1,rsp03_t4,0,Data/Satellite_Data_snapshots/RSP-03_4.raw#samples=26000000-27000000
rsp03_t4_RSP-03_4_w0027,5.110594904876709,0.2895286104452319,0.8671875,0.8671875,1.0,38.6980493836856,0.0,0.0,1.0,1.00711487788236,0.2554261517352411,0.28700633443828727,1,rsp03_t4,0,Data/Satellite_Data_snapshots/RSP-03_4.raw#samples=27000000-28000000
rsp03_t4_RSP-03_4_w0028,8.181413337129829,0.7366753319885262,1.0,1.0,1.0,37.30860393195612,0.0,0.0,1.0,0.5363664007546665,0.524106269734805,0.5989220890159224,1,rsp03_t4,0,Data/Satellite_Data_snapshots/RSP-03_4.raw#samples=28000000-29000000
rsp03_t5_RSP-03_5_w0000,2.2367878802261867,0.07665010828413882,0.0,0.0,0.0,2.348209306419529,0.8235294117647058,0.5,0.0,1.252332557940794,0.025972538934401164,0.2257626039346039,0,rsp03_t5,0,Data/Satellite_Data_snapshots/RSP-03_5.raw#samples=0-1000000
rsp03_t5_RSP-03_5_w0001,3.90559273708311,0.3489328122647454,0.3359375,0.3359375,1.0,14.938468897014811,0.0784313725490196,0.0,0.609375,1.1013199243332894,0.13277448391247332,0.2744335863752685,1,rsp03_t5,0,Data/Satellite_Data_snapshots/RSP-03_5.raw#samples=1000000-2000000
rsp03_t5_RSP-03_5_w0002,5.536889541638856,0.6902182176797513,0.828125,0.828125,1.0,41.45735738781647,0.09803921568627451,0.0,1.0,0.6605721215593472,0.26018176253335484,0.3567195904262914,1,rsp03_t5,0,Data/Satellite_Data_snapshots/RSP-03_5.raw#samples=2000000-3000000
rsp03_t5_RSP-03_5_w0003,5.626350808638081,0.6459085690489667,0.6171875,0.6171875,1.0,28.380260473647695,0.09803921568627451,0.0,0.7265625,0.8703607299788694,0.24338536851181286,0.3642381756001106,1,rsp03_t5,0,Data/Satellite_Data_snapshots/RSP-03_5.raw#samples=3000000-4000000
rsp03_t5_RSP-03_5_w0004,2.18216093257332,0.05409400453285092,0.0,0.0,0.0,2.2793145903075698,0.0784313725490196,0.5,0.0,1.2556157071520482,0.006959486506677147,0.22743418222735545,0,rsp03_t5,0,Data/Satellite_Data_snapshots/RSP-03_5.raw#samples=4000000-5000000
rsp03_t5_RSP-03_5_w0005,2.1796502143274767,-0.04698038825713542,0.0,0.0,0.0,2.9202382089183216,0.3137254901960784,0.5,0.0,1.1664197788376034,0.016712640378456142,0.21782267267761954,0,rsp03_t5,0,Data/Satellite_Data_snapshots/RSP-03_5.raw#samples=5000000-6000000
rsp03_t5_RSP-03_5_w0006,2.2152335385939037,0.01529545031386649,0.0,0.0,0.0,3.3267706012392644,0.8431372549019608,0.5,0.0,1.1665099066604692,0.01926162967100414,0.24128523929070533,0,rsp03_t5,0,Data/Satellite_Data_snapshots/RSP-03_5.raw#samples=6000000-7000000
rsp03_t5_RSP-03_5_w0007,2.1883345902695672,-0.05204980663965422,0.0,0.0,0.0,2.4173175708284314,0.39215686274509803,0.5,0.0,1.143769149948005,0.016761715031823395,0.22745313809382922,0,rsp03_t5,0,Data/Satellite_Data_snapshots/RSP-03_5.raw#samples=7000000-8000000
rsp03_t5_RSP-03_5_w0008,5.198867627053697,-0.08828287093267836,0.0,0.625,0.0,26.70540682983054,0.2549019607843137,0.0,0.765625,1.1287334698087919,0.21373448982489587,0.33241778146760215,1,rsp03_t5,0,Data/Satellite_Data_snapshots/RSP-03_5.raw#samples=8000000-9000000
rsp03_t5_RSP-03_5_w0009,5.723579301973121,-0.09368308963835179,0.0,0.8515625,0.0,36.696938064341786,0.27450980392156865,0.0,0.9921875,1.2101077209319697,0.3006417687154092,0.38212582713375265,1,rsp03_t5,0,Data/Satellite_Data_snapshots/RSP-03_5.raw#samples=9000000-10000000
rsp03_t5_RSP-03_5_w0010,3.9829006063006904,-0.09034060051152208,0.0,0.3671875,0.0,25.815041557118906,0.3137254901960784,0.0,0.46875,1.1315668856403627,0.16014004652267727,0.31862876870409446,1,rsp03_t5,0,Data/Satellite_Data_snapshots/RSP-03_5.raw#samples=10000000-11000000
rsp03_t5_RSP-03_5_w0011,2.205331972543338,0.08587880939205118,0.0,0.0,0.0,2.8362261496329477,0.7843137254901961,0.5,0.0,1.2100282278485437,0.061340522126096045,0.29022808204074535,0,rsp03_t5,0,Data/Satellite_Data_snapshots/RSP-03_5.raw#samples=11000000-12000000
rsp03_t5_RSP-03_5_w0012,2.2184444620595674,-0.021601007866364208,0.0,0.0,0.0,3.0711991191891315,0.21568627450980393,0.5,0.0,1.1872327837425982,0.04294965281828299,0.2515821110674323,0,rsp03_t5,0,Data/Satellite_Data_snapshots/RSP-03_5.raw#samples=12000000-13000000
rsp03_t5_RSP-03_5_w0013,2.2452880112325753,-0.004706508879019286,0.0,0.0,0.0,2.853049582364918,0.7254901960784313,0.5,0.0,1.2274630691079913,0.021604741414813968,0.2470836051167555,0,rsp03_t5,0,Data/Satellite_Data_snapshots/RSP-03_5.raw#samples=13000000-14000000
rsp03_t5_RSP-03_5_w0014,2.1671012510554206,-0.014913550855687102,0.0,0.0,0.0,2.4867510836650686,0.4117647058823529,0.5,0.0,1.1400054129714492,0.01839557821127966,0.23295769637802674,0,rsp03_t5,0,Data/Satellite_Data_snapshots/RSP-03_5.raw#samples=14000000-15000000
rsp03_t5_RSP-03_5_w0015,2.7661414390859558,-0.038343847906472855,0.0,0.078125,0.0,14.229527207220885,0.37254901960784315,0.0,0.890625,1.1717959431062093,0.08823413265871856,0.23245857559729327,0,rsp03_t5,0,Data/Satellite_Data_snapshots/RSP-03_5.raw#samples=15000000-16000000
rsp03_t5_RSP-03_5_w0016,5.505690732655314,-0.15834397734502878,0.0,0.8359375,0.0,42.02841396947963,0.3333333333333333,0.0,1.0,1.034428754053619,0.2767325297559559,0.3623584021375276,1,rsp03_t5,0,Data/Satellite_Data_snapshots/RSP-03_5.raw#samples=16000000-17000000
rsp03_t5_RSP-03_5_w0018,2.2284663880469275,0.006119268743369932,0.0,0.0,0.0,2.7658081208360423,0.0392156862745098,0.5,0.0,1.3258239768490747,0.004500836668807987,0.24285420535439384,0,rsp03_t5,0,Data/Satellite_Data_snapshots/RSP-03_5.raw#samples=18000000-19000000
rsp03_t5_RSP-03_5_w0019,2.171291212185228,-0.03536844738774442,0.0,0.0,0.0,2.6586613420303684,0.4117647058823529,0.5,0.0,1.1936184232214653,0.00034060434179013465,0.2385282805452465,0,rsp03_t5,0,Data/Satellite_Data_snapshots/RSP-03_5.raw#samples=19000000-20000000
rsp03_t5_RSP-03_5_w0020,2.221989397708076,-0.02701990433820331,0.0,0.0,0.0,2.3177455308851083,0.2549019607843137,0.5,0.0,1.3482180500169196,0.020635442230900237,0.245634832890483,0,rsp03_t5,0,Data/Satellite_Data_snapshots/RSP-03_5.raw#samples=20000000-21000000
rsp03_t5_RSP-03_5_w0022,7.205724649335204,1.0148443481028042,0.859375,0.859375,1.0,70.27054657342212,0.13725490196078433,0.0,1.0,0.5668498551669092,0.38628533399025444,0.4769208340488553,1,rsp03_t5,0,Data/Satellite_Data_snapshots/RSP-03_5.raw#samples=22000000-23000000
rsp03_t5_RSP-03_5_w0023,7.988025965520089,1.3361730598680706,0.9140625,0.9140625,1.0,47.4712873975281,0.11764705882352941,0.0,0.9921875,0.47413254668500565,0.48865026313355514,0.5409151140632271,1,rsp03_t5,0,Data/Satellite_Data_snapshots/RSP-03_5.raw#samples=23000000-24000000
rsp03_t5_RSP-03_5_w0025,2.198557098819338,0.12005734336045264,0.0,0.0,0.0,1.6363207482114541,0.6862745098039216,0.5,0.0,1.3134487546492768,0.03983785909315065,0.22777738811576478,0,rsp03_t5,0,Data/Satellite_Data_snapshots/RSP-03_5.raw#samples=25000000-26000000
rsp03_t5_RSP-03_5_w0026,2.198145347182567,-0.017608417342460145,0.0,0.0,0.0,2.4199072137409057,0.9411764705882353,0.5,0.0,1.2563549453004974,0.021679727551911256,0.21432122901374612,0,rsp03_t5,0,Data/Satellite_Data_snapshots/RSP-03_5.raw#samples=26000000-27000000
